Page,Question,Answer
page_1.png,What was the percentage increase in Woolworths Group’s F24 sales revenue compared to the prior year?,Woolworths Group’s F24 sales revenue increased by 3.7% on the prior year.  
page_1.png,How did the Group’s F24 EBIT and NPAT perform relative to the previous year?,Group EBIT declined by 7.6% and NPAT declined by 6.6% in F24 compared to the prior year.  
page_1.png,What were the key contributors to the Group’s lower earnings in F24?,"Higher interest rates, increased utility and wage costs, and investments in customer value and technology were the key contributors to the Group’s lower earnings in F24.  "
page_1.png,"What dividend did the Board declare for F24, and what was the payout ratio?","The Board declared a fully franked final dividend of 60 cents per share, taking the full year ordinary dividend to 104 cents, representing a payout ratio of 80% of reported NPAT attributable to equity holders.  "
page_1.png,What significant leadership change was announced in February regarding the CEO position?,Brad Banducci announced his intention to retire as Woolworths Group Managing Director and Group CEO after 13 years with Woolworths Group and more than eight years as CEO.  
page_1.png,"Who has been appointed as the new CEO of Woolworths Group, and when will they commence the role?",Amanda Bardwell has been appointed as the new CEO of Woolworths Group and will commence on 1 September 2024.  
page_1.png,What actions did Woolworths Group take in response to regulatory and political scrutiny in F24?,"Woolworths Group participated in government inquiries including the ACCC Supermarkets Inquiry and the Food and Grocery Code of Conduct Review, and welcomed the opportunity to share how they balance stakeholder needs.  "
page_1.png,How did the Group address safety and injury metrics in F24?,The Group’s STI scorecards were updated to include a fatality gateway for the Safety component and to reintroduce Total Recordable Injury Frequency Rate (TRIFR) to emphasize the importance of safety.  
page_1.png,What is Woolworths Group’s ongoing climate commitment mentioned in the report?,Woolworths Group continues its long-standing commitment to contribute to a 1.5°C pathway.  
page_1.png,What is the focus of Woolworths Group’s strategy for delivering value to stakeholders as stated in the report?,"The strategy focuses on providing great value, investing in digital capabilities, maintaining supply chain efficiency, and achieving better customer experiences."
page_2.png,What is the primary purpose expressed by the outgoing CEO in his final annual report for Woolworths Group?,The outgoing CEO expresses gratitude for the privilege of serving and emphasizes the purpose of creating better experiences together for all stakeholders.  
page_2.png,How did Group digital asset visits (apps and web) perform in FY24 compared to the previous year?,"Group digital asset visits increased by 19.7% in FY24, with digital visits now exceeding store transactions.  "
page_2.png,Which new digital tools and features were highlighted as supporting the Group’s digital growth in FY24?,"Budget-friendly digital tools such as Shopping Lists, Digital Catalogues, and Best Unit Price filter were highlighted for supporting digital growth.  "
page_2.png,"By what percentage did Group eCom sales increase in FY24, and what drove this growth?","Group eCom sales increased by 18.9% in FY24, driven by Australian Food with particularly strong Same Day propositions.  "
page_2.png,What was the impact of cost-of-living pressures on customer behavior and sales in FY24?,"Cost-of-living pressures led to customers managing their budgets more tightly, resulting in overall lower sales growth in the second half of the year.  "
page_2.png,What is the status of the Moorebank National Distribution Centre project as of the reporting period?,The Moorebank National Distribution Centre achieved the important milestone of practical completion during the year.  
page_2.png,What strategic focus is noted under the ‘Group Everyday Retail’ strategy?,The strategy is increasingly contributing to Group growth while also strengthening the foundations of the Group.  
page_2.png,What measures were taken to support the team and keep them safe during the challenging year?,"Measures included listening to team feedback, initiatives to support team rosters, additional hours, multi-skilling, and material handling equipment investments.  "
page_2.png,"Who is introduced as the new Chief Executive Officer of Woolworths Group, and what are her stated priorities?","Amanda Bardwell is introduced as the new CEO, with priorities including continuing to listen to customers and team, focusing on safety, and delivering on the Group’s strategy.  "
page_2.png,"What major supply chain project is expected to open in FY25, and where is it located?","The Auburn Distribution Centre is expected to open in FY25, along with the Moorebank Regional Distribution Centre opening in FY26."
page_11.png,"What were the Group sales for F24, and how did they compare to F23?","Group sales for F24 were $67,922 million, representing a 3.7% increase from F23.  "
page_11.png,What was the Group EBIT for F24 and its percentage change from F23?,"Group EBIT for F24 was $3,223 million, increasing by 1.1% from F23.  "
page_11.png,How much was the Group NPAT attributable to equity holders of the parent entity before significant items in F24?,"Group NPAT attributable to equity holders of the parent entity before significant items in F24 was $1,711 million.  "
page_11.png,"What was the Group’s Return on Funds Employed (ROFE) for F24, and how did it change compared to F23?","The Group’s ROFE for F24 was 15.7%, an increase of 78 basis points from F23.  "
page_11.png,"Which segment contributed the most to total Group sales in F24, and what was the amount?","The Australian Food segment contributed the most to total Group sales in F24, with $48,047 million.  "
page_11.png,How did New Zealand Food sales in F24 compare to F23 in local currency terms?,"New Zealand Food sales in F24 were NZD 8,666 million, a 3.4% increase from F23.  "
page_11.png,"What was the Group’s gross margin percentage before significant items in F24, and how did it change from F23?","The Group’s gross margin before significant items in F24 was 27.3%, up 56 basis points from F23.  "
page_11.png,What was the depreciation and amortisation expense recorded for the Group in F24?,"Depreciation and amortisation expense for the Group in F24 was $2,772 million.  "
page_11.png,"How much were the significant items after tax for F24, and how did this compare to F23?","Significant items after tax for F24 were $(1,603) million, compared to $(103) million in F23.  "
page_11.png,What was the Group’s basic earnings per share (EPS) before significant items in F24?,The Group’s basic EPS before significant items in F24 was 140.3 cents.
page_12.png,What was the Group’s total equity as at 30 June 2024?,"The Group’s total equity as at 30 June 2024 was $6,865 million.  "
page_12.png,By how much did the Group’s inventories increase as at 30 June 2024 compared to 25 June 2023?,"The Group’s inventories increased by $489 million, from $3,898 million to $4,387 million.  "
page_12.png,What was the change in the Group’s trade payables between 25 June 2023 and 30 June 2024?,"The Group’s trade payables increased by $194 million, from $6,621 million to $6,815 million.  "
page_12.png,"How much was the Group’s EBITDA before significant items for the 53 weeks ended 30 June 2024, and what was the percentage change compared to the prior period?","The Group’s EBITDA before significant items was $6,001 million, representing a 5.4% increase from the prior period.  "
page_12.png,"What was the net cash provided by operating activities for the 53 weeks ended 30 June 2024, and what was the percentage change?","Net cash provided by operating activities was $4,359 million, an increase of 31.9% compared to the prior period.  "
page_12.png,"How did the Group’s lease assets and liabilities change as at 30 June 2024, and what were the main drivers?","Lease assets increased by $137 million, and lease liabilities increased by $60 million, mainly due to the acquisition of Petstock, a new lease on the Moorabbin National DC, and partly offset by lease asset depreciation and terminations.  "
page_12.png,"What was the Group’s net debt (including derivatives and excluding lease liabilities) as at 30 June 2024, and how did it change from the previous year?","The Group’s net debt was $3,660 million, a decrease of $860 million from the previous year.  "
page_12.png,What were the main reasons for the increase in the Group’s intangible assets as at 30 June 2024?,"Intangible assets increased by $820 million, primarily due to the recognition of intangible assets on the acquisition of Petstock of $706 million and the New Zealand Food goodwill impairment.  "
page_12.png,"How much did the Group pay in dividends to non-controlling interests for the 53 weeks ended 30 June 2024, and what was the percentage change?","The Group paid $347 million in dividends to non-controlling interests, a 79% increase compared to the prior year.  "
page_12.png,"What was the Group’s normalised cash realisation ratio (CRR) for the 53 weeks ended 30 June 2024, and how did it compare to the prior period?","The Group’s normalised cash realisation ratio was 97% in FY24, compared to 113% in FY23."
page_13.png,What were Woolworths' total sales for Australian Food in fiscal year 2024?,"Woolworths' total sales for Australian Food in fiscal year 2024 were $50,741 million.  "
page_13.png,By what percentage did EBIT for Australian Food increase from fiscal year 2023 to fiscal year 2024?,EBIT for Australian Food increased by 6.0% from fiscal year 2023 to fiscal year 2024.  
page_13.png,What was the Return on Funds Employed (ROFE) for Australian Food in fiscal year 2024?,The Return on Funds Employed (ROFE) for Australian Food in fiscal year 2024 was 32.2%.  
page_13.png,How did Woolworths' comparable total sales for Australian Food change in fiscal year 2024?,Comparable total sales for Australian Food increased by 3.7% in fiscal year 2024.  
page_13.png,What are some of the key drivers behind the increase in CODB (%) for Australian Food in fiscal year 2024?,"Key drivers behind the increase in CODB (%) included a 6.2% increase in store team wages and superannuation from July, item growth, energy inflation, and higher online mix, somewhat offset by lower incentive outcomes.  "
page_13.png,How much did gross margin (%) for Australian Food change in fiscal year 2024 compared to the previous year?,Gross margin (%) increased by 76 basis points in fiscal year 2024 compared to the previous year.  
page_13.png,What strategic initiative did Woolworths launch to help customers make healthier eating choices?,"Woolworths launched a range of pre-portioned and nutritionally balanced meal solutions, available both online and in stores, to help customers make healthier eating choices.  "
page_13.png,What was the reported EBITDA for Australian Food in fiscal year 2024?,"The reported EBITDA for Australian Food in fiscal year 2024 was $5,006 million.  "
page_13.png,How did Scope 1&2 emissions (tonnes CO2e) for Australian Food change in fiscal year 2024 compared to fiscal year 2023?,"Scope 1&2 emissions decreased by 0.1% from 1,668,070 tonnes CO2e in fiscal year 2023 to 1,516,197 tonnes CO2e in fiscal year 2024.  "
page_13.png,What impact did Woolworths' eCommerce (eCom) initiatives have on Australian Food's financial performance in fiscal year 2024?,"eCom picking optimisation and enhanced inventory routines helped offset underlying cost inflation, contributing to improved productivity and a stronger financial performance in fiscal year 2024. "
page_14.png,What was the total sales for Woolworths Food Retail in FY24?,Woolworths Food Retail total sales increased by 5.3% in FY24 to $50.2 billion.  
page_14.png,"By how much did Woolworths Food Retail's EBIT increase in FY24, and what was the resulting margin?","Woolworths Food Retail EBIT increased to $3,050 million, with a margin of 6.0%, up from 5.9% in FY23.  "
page_14.png,How did Woolworths Food Retail's comparable store sales perform in FY24?,Comparable store sales grew by 4.9% in FY24.  
page_14.png,What was the net increase in Woolworths Supermarkets stores during FY24?,Woolworths Supermarkets saw a net increase of 16 stores during FY24.  
page_14.png,What was the average price change for Everyday prices in Q4 compared to the prior year?,Everyday prices in Q4 decreased by 0.6% compared to the prior year.  
page_14.png,How did the value for money scores change in Q4 compared to Q3?,Value for Money scores in Q4 improved four points compared to Q3.  
page_14.png,What proportion of total food retail partners' transactions came from Woolworths Food Company?,Woolworths Food Company and Exclusive Brand products represented 51% of retail sales.  
page_14.png,What was the increase in sales per square metre for Woolworths Food Retail in FY24?,"Sales per square metre increased by 4.2% to $19,723 in FY24.  "
page_14.png,What strategic initiative was highlighted regarding the bakery range?,"Woolworths Food Company refreshed its in-store bakery range, launching 150 new and reformulated cakes, cookies, muffins, and baked desserts.  "
page_14.png,How did eCom sales growth compare to total sales growth in FY24?,"eCom sales grew by 10.0% in FY24, outpacing total sales growth of 5.3%."
page_15.png,"What was the total sales figure reported by WooliesX for FY24, and what was the percentage increase compared to the previous year?","WooliesX total sales in FY24 increased 27.9% to $8,227 million.  "
page_15.png,"How much did eComX sales grow in FY24, and what was the normalised percentage increase?","eComX sales in FY24 reached $6,226 million, with a normalised increase of 24.2%.  "
page_15.png,"What was the DAP & EBIT for WooliesX in FY24, and what was the percentage increase from FY23?","DAP & EBIT for WooliesX in FY24 was $362 million, an increase of 99.3% from FY23.  "
page_15.png,"What was the B2C Online VOC NPS score for eComX in Q4’24, and how did it change compared to the previous year?","The B2C Online VOC NPS score for eComX in Q4’24 was 60, up from 58 in Q4’23.  "
page_15.png,By what percentage did average weekly traffic to Woolworths’ digital platforms grow in Q4’24 compared to Q4’23?,Average weekly traffic to Woolworths’ digital platforms grew by 19.9% in Q4’24 compared to Q4’23.  
page_15.png,What were the normalised sales growth percentages for Everyday Rewards & Services in FY24?,Everyday Rewards & Services normalised sales increased by 13.2% in FY24.  
page_15.png,How many active Everyday Rewards members were reported in Q4’24?,There were 15.9 million active Everyday Rewards members in Q4’24.  
page_15.png,"What was the eCommerce share of total sales in Q4’24, and how did it change from Q4’23?","The eCommerce share of total sales in Q4’24 was 13.4%, up from 12.4% in Q4’23.  "
page_15.png,What strategic initiatives were highlighted for WooliesX’s digital advertising performance in FY24?,"Strategic initiatives included improvements in Product Availability and Value for Money scores, launch of Best Unit Price, enhancements to the web and homepages, and boosted Shopping Lists and Recipes.  "
page_15.png,How did HomeRun contribute to WooliesX’s operations in H1?,"HomeRun was launched in H1 to bring together the Group’s online delivery capabilities, delivering 20 million orders and improving customer convenience through reduced delivery attempts per order."
page_50.png,What was Woolworths Group Limited's total revenue for the period reported in 2024?,"Woolworths Group Limited's total revenue for the period was $67,922 million.  "
page_50.png,By what percentage did Woolworths Group Limited's revenue increase compared to the prior year?,The revenue increased by 5.6% from the prior year.  
page_50.png,What significant acquisition did Woolworths Group make during the reported period?,Woolworths Group acquired 55% of Petstock Group during the period.  
page_50.png,"What special dividend was declared, and what was its purpose?",A special dividend of 40 cents per share was declared as a capital return to shareholders from the proceeds relating to the sale of shares in Endeavour Group.  
page_50.png,What is the stated compliance regarding auditor independence in Deloitte's declaration?,Deloitte declared that there have been no contraventions of the auditor independence requirements of the Corporations Act 2001 or any applicable code of professional conduct in relation to the audit.  
page_50.png,For what period does the financial report of Woolworths Group Limited apply?,The financial report covers the 53-week period ended 30 June 2024.  
page_50.png,Who signed the Auditor’s Independence Declaration on behalf of Deloitte Touche Tohmatsu?,"The declaration was signed by Tom Imbesi and Travis Simkin, both Partners at Deloitte Touche Tohmatsu.  "
page_50.png,What is the main focus of section 2 in the Notes to the Consolidated Financial Statements?,"Section 2 focuses on Group performance, including revenue, reportable segments, finance costs, and related financial metrics.  "
page_50.png,What is the content of section 3 in the Notes to the Consolidated Financial Statements?,"Section 3 covers Assets and liabilities, including trade receivables, inventories, financial assets, property, plant and equipment, and provisions.  "
page_50.png,Where can information regarding the acquisition of Petstock be found in the financial report?,Information on the acquisition of Petstock can be found on page 150 of the financial report. 
page_51.png,What was the total revenue reported for the 53 weeks ended in 2024?,"The total revenue reported for the 53 weeks ended in 2024 was $67,922 million.  "
page_51.png,What was the profit for the period attributable to equity holders of the parent entity for 2024?,The profit for the period attributable to equity holders of the parent entity for 2024 was $108 million.  
page_51.png,How much was reported as total comprehensive income for the period in 2024?,The total comprehensive income for the period in 2024 was $99 million.  
page_51.png,What was the basic earnings per share (EPS) for the 53 weeks ended in 2024?,The basic EPS for the 53 weeks ended in 2024 was 8.9 cents.  
page_51.png,What were the total administration expenses for 2024?,"The total administration expenses for 2024 were $1,670 million.  "
page_51.png,What was the cost of sales for the 53 weeks ended in 2024?,"The cost of sales for the 53 weeks ended in 2024 was $49,570 million.  "
page_51.png,What was the income tax expense for the period in 2024?,The income tax expense for the period in 2024 was $759 million.  
page_51.png,What amount was reported as other income for 2024?,The amount reported as other income for 2024 was $310 million.  
page_51.png,How much was the profit for the period attributable to non-controlling interests for 2024?,The profit for the period attributable to non-controlling interests for 2024 was $9 million.  
page_51.png,What was the effective portion of changes in the fair value of cash flow hedges recognized in other comprehensive income for 2024?,The effective portion of changes in the fair value of cash flow hedges recognized in other comprehensive income for 2024 was $(15) million.
page_52.png,What was the total value of assets held for sale as at 30 June 2024?,"The total value of assets held for sale as at 30 June 2024 was $6,900 million.  "
page_52.png,What amount is reported for cash and cash equivalents in the 2024 Statement of Financial Position?,"Cash and cash equivalents are reported at $1,298 million for 2024.  "
page_52.png,How much did the company report for total current liabilities in 2024?,"Total current liabilities in 2024 were $12,819 million.  "
page_52.png,What was the balance of retained earnings attributable to equity holders of the parent entity at 30 June 2024?,"The balance of retained earnings attributable to equity holders of the parent entity at 30 June 2024 was $7,413 million.  "
page_52.png,What is the total equity reported for the group as at 30 June 2024?,"Total equity reported as at 30 June 2024 is $6,570 million.  "
page_52.png,"How much did the company recognize for property, plant, and equipment in 2024?","Property, plant, and equipment were recognized at $9,678 million in 2024.  "
page_52.png,What was the total amount of borrowings as at 30 June 2024 (current and non-current combined)?,"The total amount of borrowings as at 30 June 2024 was $1,898 million ($712 million current and $1,186 million non-current).  "
page_52.png,What was the balance of lease liabilities in the non-current liabilities section for 2024?,"Non-current lease liabilities were $10,545 million in 2024.  "
page_52.png,What is the value of other financial assets under current assets for 2024?,Other financial assets under current assets for 2024 were valued at $23 million.  
page_52.png,How much was recognized as other reserves attributable to equity holders of the parent entity at 30 June 2024?,"Other reserves attributable to equity holders of the parent entity at 30 June 2024 were negative $7,609 million."
page_53.png,What was the net cash provided by operating activities for the year ended 30 June 2024?,"The net cash provided by operating activities for the year ended 30 June 2024 was $4,359 million.  "
page_53.png,"How much cash was spent on the purchase of property, plant, and equipment and intangible assets during the 2024 financial year?","$2,548 million was spent on the purchase of property, plant, and equipment and intangible assets during the 2024 financial year.  "
page_53.png,What was the total net cash used in investing activities in the 2024 financial year?,"The total net cash used in investing activities in the 2024 financial year was $2,277 million.  "
page_53.png,How much did the company repay as the principal component of lease liabilities in 2024?,"The company repaid $1,138 million as the principal component of lease liabilities in 2024.  "
page_53.png,What was the net increase in cash and cash equivalents for the year ended 30 June 2024?,The net increase in cash and cash equivalents for the year ended 30 June 2024 was $163 million.  
page_53.png,"According to the management commentary, what is the Group's current working capital position as at 30 June 2024?","The Group's current working capital position as at 30 June 2024 is $5,288 million.  "
page_53.png,What accounting standards framework do the Consolidated Financial Statements of Woolworths Group comply with?,The Consolidated Financial Statements comply with Australian Accounting Standards and International Financial Reporting Standards (IFRS) as issued by the IASB.  
page_53.png,What is the stated reason for the directors’ assessment that the Group is a going concern?,"The directors determined there are sufficient resources to continue in operational existence for the foreseeable future, based on forecast working capital and available facilities exceeding expected cash flows from operations.  "
page_53.png,What was the amount of dividends paid during the 2024 financial year?,"The amount of dividends paid during the 2024 financial year was $1,172 million.  "
page_53.png,What is the closing balance of cash and cash equivalents as at 30 June 2024?,"The closing balance of cash and cash equivalents as at 30 June 2024 is $1,298 million. "
page_54.png,What is the purpose of AASB 2021-2 Amendments to Australian Accounting Standards as mentioned in the financial report?,The purpose of AASB 2021-2 is to amend AASB 101 Presentation of Financial Statements by requiring companies to disclose their material accounting policy information rather than their significant accounting policies.  
page_54.png,What amendments have been introduced as a result of the Organisation for Economic Co-operation and Development’s (OECD) international tax reform known as Pillar Two?,The amendments relate to the recognition and disclosure of deferred taxes arising from the jurisdictional implementation of the Pillar Two model rules and require disclosure requirements for affected entities to help users better understand the Group’s exposure to Pillar Two income taxes.  
page_54.png,When do the amendments to AASB 2024-2 regarding the classification and measurement of financial instruments become effective for the Group?,The amendments become effective for annual reporting periods beginning on or after 1 January 2026.  
page_54.png,What is the expected impact of AASB 2024-2 on the Group’s financial reporting?,"The amendments relate to derecognition of a financial liability, clarification of the settlement of financial assets and liabilities, and disclosure of certain amounts in other comprehensive income, among others.  "
page_54.png,"According to the report, what is the effective date for the amendments to AASB 2021-5 Presentation and Disclosure in Financial Statements?",The amendments are effective for annual reporting periods beginning on or after 1 January 2027.  
page_54.png,What does AASB 2014-10 Amendments to Australian Accounting Standards – Sale or Contribution of Assets between an Investor and its Associate or Joint Venture address?,"It amends the treatment for the recognition of a gain or loss arising from the loss of control of a subsidiary that does not contain a business, affecting transactions with associates or joint ventures.  "
page_54.png,"What are the sustainability disclosure standards mentioned in section 1.2.3, and who published them?","The sustainability disclosure standards mentioned are IFRS S1 (General Requirements of Sustainability-related Financial Information) and IFRS S2 (Climate-related Disclosures), published by the International Sustainability Standards Board (ISSB).  "
page_54.png,What clarification does AASB 2022-6 Amendments to Australian Accounting Standards – Non-current Liabilities with Covenants provide?,"The amendments clarify when liabilities should be presented as current or non-current in the consolidated statement of financial position, including the impact of covenants on classification.  "
page_54.png,What is the Group’s policy regarding critical accounting estimates and judgements?,"The Group’s policy is to make estimates, judgements, and assumptions that affect amounts reported in the Financial Report, with regular review and prospective revision based on new information or developments.  "
page_54.png,How does the Group address supplier finance arrangements according to AASB 2023-1?,"The Group will be required to disclose information about its supplier finance arrangements, and where such arrangements are material, additional narrative disclosure will be included when the amendments become effective. "
page_55.png,What was the total revenue for the Group in 2024?,"The total revenue for the Group in 2024 was $67,922 million.  "
page_55.png,How much revenue did the Group generate from the sale of goods in-store to retail customers in 2024?,"The Group generated $54,472 million from the sale of goods in-store to retail customers in 2024.  "
page_55.png,What was the reported revenue from the sale of goods online to retail customers in 2024?,"The reported revenue from the sale of goods online to retail customers in 2024 was $7,963 million.  "
page_55.png,Which segment contributed the highest revenue in 2024 according to the reportable segments analysis?,"The Australian Food segment contributed the highest revenue in 2024, with $50,741 million.  "
page_55.png,What was the total revenue and other income for the Group in 2024 across all segments?,"The total revenue and other income for the Group in 2024 across all segments was $68,231 million.  "
page_55.png,What amount was recognized as 'Other income' in the Group's 2024 results?,The amount recognized as 'Other income' in the Group's 2024 results was $289 million.  
page_55.png,What was the Group’s capital expenditure for 2024?,"The Group’s capital expenditure for 2024 was $2,554 million.  "
page_55.png,How is revenue from the sale of goods recognized according to the Group’s material accounting policies?,"Revenue is recognized when control of the goods is transferred to the customer, reflecting the consideration to which the Group expects to be entitled in exchange for those goods.  "
page_55.png,"What was the EBIT (Earnings Before Interest and Tax) before depreciation, amortization, and significant items for the Australian Food segment in 2024?","The EBIT before depreciation, amortization, and significant items for the Australian Food segment in 2024 was $5,006 million.  "
page_55.png,How much was recognized as the ‘Share of profit of investments accounted for using the equity method’ in 2024?,The share of profit of investments accounted for using the equity method in 2024 was $21 million.
page_56.png,What was the total revenue for the group in the 2023 financial year (52 weeks)?,"The total revenue for the group in 2023 was $64,294 million.  "
page_56.png,How much was the EBIT before significant items for the Australian Food segment in 2023?,"The EBIT before significant items for the Australian Food segment in 2023 was $2,665 million.  "
page_56.png,What was the total capital expenditure for the group in 2023?,"The total capital expenditure for the group in 2023 was $2,462 million.  "
page_56.png,How much impairment loss was recognized for New Zealand Food in 2024?,"An impairment loss of $1,505 million was recognized for New Zealand Food in 2024.  "
page_56.png,What was the total group significant items before income tax in 2024?,"The total group significant items before income tax in 2024 was a loss of $1,607 million.  "
page_56.png,What was the total branch and administration expenses for the group in 2024?,"The total branch and administration expenses for the group in 2024 were $17,246 million.  "
page_56.png,How much was recognized as a loss of significant influence over Endeavour Group in 2024?,A loss of $209 million was recognized as a loss of significant influence over Endeavour Group in 2024.  
page_56.png,What was the profit before income tax for the group in 2023?,"The profit before income tax for the group in 2023 was $1,629 million.  "
page_56.png,How much was the employee benefits expense in branch and administration expenses in 2024?,"The employee benefits expense in branch and administration expenses in 2024 was $8,519 million.  "
page_56.png,What amount was recorded for the revaluation of put option liabilities over non-controlling interests in 2024?,An income of $107 million was recorded for the revaluation of put option liabilities over non-controlling interests in 2024. 
page_57.png,What was the total employee benefits expense for the year 2024?,"The total employee benefits expense for 2024 was $10,776 million.  "
page_57.png,How much did the company spend on superannuation expense in 2024?,The company spent $686 million on superannuation expense in 2024.  
page_57.png,What was the depreciation expense for lease assets in 2024?,"The depreciation expense for lease assets in 2024 was $1,151 million.  "
page_57.png,What was the total depreciation and amortisation expense reported for 2024?,"The total depreciation and amortisation expense reported for 2024 was $2,778 million.  "
page_57.png,What was the current tax expense recognised in 2024?,The current tax expense recognised in 2024 was $862 million.  
page_57.png,What was the total income tax expense recognised in the Consolidated Statement of Profit or Loss for 2024?,The total income tax expense recognised in the Consolidated Statement of Profit or Loss for 2024 was $759 million.  
page_57.png,What was the profit before income tax for the year 2024?,"The profit before income tax for 2024 was $2,541 million.  "
page_57.png,How much interest expense did the company record in 2024?,The company recorded $812 million in interest expense in 2024.  
page_57.png,What was the total net finance costs for 2024?,The total net finance costs for 2024 were $740 million.  
page_57.png,What was the effect of non-deductible expenses on taxable income for 2024?,Non-deductible expenses increased taxable income by $534 million in 2024. 
page_58.png,What was the total amount of trade and other receivables as of 2024?,"The total amount of trade and other receivables as of 2024 was $1,191 million.  "
page_58.png,How much was recognized as inventories on the balance sheet for 2024?,"Inventories recognized on the balance sheet for 2024 amounted to $4,253 million.  "
page_58.png,What was the provision for inventory obsolescence in 2024?,The provision for inventory obsolescence in 2024 was $(66) million.  
page_58.png,What was the total cost of inventories recognized as an expense within cost of sales during 2024?,"The total cost of inventories recognized as an expense within cost of sales during 2024 was $48,471 million.  "
page_58.png,What is the total value of current other financial assets in 2024?,The total value of current other financial assets in 2024 was $23 million.  
page_58.png,How much did listed equity securities in the non-current other financial assets amount to in 2024?,Listed equity securities in the non-current other financial assets amounted to $378 million in 2024.  
page_58.png,What were the total current financial liabilities as of 2024?,Total current financial liabilities as of 2024 were $689 million.  
page_58.png,"How much was included in the ""Other"" category of non-current other financial assets in 2024?","The ""Other"" category of non-current other financial assets in 2024 included $17 million of convertible notes.  "
page_58.png,What was the total amount of non-current other financial liabilities in 2024?,The total amount of non-current other financial liabilities in 2024 was $126 million.  
page_58.png,"According to the Material Accounting Policies, how are inventories valued?","Inventories are valued at the lower of cost and net realisable value, with cost calculated using the weighted average cost method."
page_59.png,What is the percentage used to calculate the put option liability for Quantium?,The put option liability for Quantium is calculated using 22.3%.  
page_59.png,How is the put option liability for PFD determined according to the report?,The put option liability for PFD is calculated based on a 35.0% multiple of LTM revenue at exercise date and is subject to a floor.  
page_59.png,What is the carrying amount at the end of the period for total lease assets in 2024?,"The carrying amount at the end of the period for total lease assets in 2024 is $9,604 million.  "
page_59.png,What was the cost of properties under lease assets as of 2024?,"The cost of properties under lease assets as of 2024 was $20,615 million.  "
page_59.png,What is the total amount of other current assets for 2024?,The total amount of other current assets for 2024 is $221 million.  
page_59.png,"According to the material accounting policies, how are put option liabilities over non-controlling interests reassessed?","Put option liabilities are reassessed to reflect the Group’s best estimate of the amounts expected to be paid at the estimated time of exercise, discounted to present value using the Group’s marginal cost of debt for borrowings over a similar term.  "
page_59.png,What was the carrying amount at the end of the period for total lease liabilities in 2024?,"The carrying amount at the end of the period for total lease liabilities in 2024 is $12,144 million.  "
page_59.png,How much were non-current other assets for 2024?,Non-current other assets for 2024 were $336 million.  
page_59.png,What is the method for determining the put option liability for MyDeal?,"The put option liability for MyDeal is primarily referenced to a Gross Transaction Value (GTV) multiple, where the net enterprise value is calculated as the exit LTM GTV multiplied by an exit multiple and adjusted for profitability factors, changes in working capital, and net debt to arrive at an equity value.  "
page_59.png,What is the carrying amount at the end of the period for lease receivables in 2024 under non-current assets?,The carrying amount at the end of the period for lease receivables in 2024 under non-current assets is $325 million.
page_60.png,What is the total undiscounted lease liabilities for the Group as at 30 June 2024?,"The total undiscounted lease liabilities for the Group as at 30 June 2024 is $15,460 million.  "
page_60.png,What was the amount of variable lease payments not included in the measurement of lease liabilities for 2024?,The amount of variable lease payments not included in the measurement of lease liabilities for 2024 was $117 million.  
page_60.png,"How much did the Group pay for short-term leases, service components of leases, and variable lease payments in 2024?","The Group paid $831 million for short-term leases, service components of leases, and variable lease payments in 2024.  "
page_60.png,What is the weighted average lease term for Australian Food properties as at the end of the reporting period in 2024?,The weighted average lease term for Australian Food properties as at the end of the reporting period in 2024 is 8.8 years.  
page_60.png,"What is the carrying amount at the end of the period for total property, plant, and equipment in 2024?","The carrying amount at the end of the period for total property, plant, and equipment in 2024 is $9,678 million.  "
page_60.png,What is the amount of lease liabilities estimated for lease contracts not yet commenced as at 30 June 2024?,"The potential future lease payments for lease contracts not yet commenced as at 30 June 2024 are estimated to be $1,954 million.  "
page_60.png,How are lease assets initially measured according to the Group’s accounting policies?,"Lease assets are initially measured at cost, comprising the initial lease liability, lease payments made at or before the commencement date (less any lease incentives received), and all direct and restoration costs.  "
page_60.png,"What was the total depreciation expense recognized for property, plant, and equipment in 2024?","The total depreciation expense recognized for property, plant, and equipment in 2024 was $852 million.  "
page_60.png,"According to the material accounting policies, how does the Group recognize non-lease components of property leases?",Non-lease components of property leases are recognized as an expense in the Consolidated Statement of Profit or Loss as incurred.  
page_60.png,"What was the carrying amount at the start of the period for total property, plant, and equipment in 2024?","The carrying amount at the start of the period for total property, plant, and equipment in 2024 was $9,577 million."
page_61.png,"What was the total carrying amount at the end of the period for property, plant, and equipment in 2023?","The total carrying amount at the end of the period for property, plant, and equipment in 2023 was $8,881 million.  "
page_61.png,What was the total carrying amount at the end of the period for intangible assets in 2024?,"The total carrying amount at the end of the period for intangible assets in 2024 was $8,473 million.  "
page_61.png,How much was recorded as accumulated depreciation and impairment for plant and equipment at the end of 2023?,"Accumulated depreciation and impairment for plant and equipment at the end of 2023 was $6,357 million.  "
page_61.png,"According to the material accounting policies, what are the useful lives for buildings and plant and equipment?",The useful lives are 25–40 years for buildings and 2.5–20 years for plant and equipment.  
page_61.png,What was the impairment expense for goodwill in 2024?,"The impairment expense for goodwill in 2024 was $1,492 million.  "
page_61.png,What was the carrying amount at the end of the period for goodwill in 2024?,"The carrying amount at the end of the period for goodwill in 2024 was $2,466 million.  "
page_61.png,How much was added to intangible assets from the acquisition of businesses in 2024?,$444 million was added to intangible assets from the acquisition of businesses in 2024.  
page_61.png,"Did the group make any changes to the useful lives of property, plant, and equipment due to climate-related risks during the period?","No, there were no changes to the useful lives of property, plant, and equipment as a result of climate-related risks during the period.  "
page_61.png,What was the total cost of intangible assets as of 2024?,"The total cost of intangible assets as of 2024 was $8,917 million.  "
page_61.png,How much was the depreciation expense for plant and equipment for 2023?,The depreciation expense for plant and equipment for 2023 was $773 million.
page_62.png,What are the estimated useful lives for the Group’s brand names with finite useful lives?,The estimated useful lives for the Group’s brand names with finite useful lives are one to five years.  
page_62.png,How much is the total capital expenditure commitment for the Group as of the reporting date in 2024?,The total capital expenditure commitment for the Group as of the reporting date in 2024 is $808 million.  
page_62.png,What is the carrying amount at end of period for goodwill in the Australian Food CGU for 2024?,The carrying amount at end of period for goodwill in the Australian Food CGU for 2024 is $644 million.  
page_62.png,How does the Group recognize expenditure on research activities for internally-generated intangible assets?,Expenditure on research activities is recognized as an expense in the period in which it is incurred.  
page_62.png,What was the carrying amount at end of period for brand names in the New Zealand Food CGU in 2023?,The carrying amount at end of period for brand names in the New Zealand Food CGU in 2023 was $240 million.  
page_62.png,What is the estimated capital expenditure commitment not later than one year for 2023?,The estimated capital expenditure commitment not later than one year for 2023 is $914 million.  
page_62.png,How are configuration and customisation costs incurred as part of the Group’s Software-as-a-Service arrangement recognised?,Configuration and customisation costs incurred as part of the Software-as-a-Service arrangement are recognised as operating expenses when the services are received.  
page_62.png,What is the carrying amount at end of period for goodwill in the BIG W CGU for 2024?,The carrying amount at end of period for goodwill in the BIG W CGU for 2024 is $144 million.  
page_62.png,How are impairment losses for intangible assets with indefinite useful lives monitored?,Impairment losses for intangible assets with indefinite useful lives are monitored for internal management purposes by allocating each asset to the smallest identifiable group of assets that generates cash inflows.  
page_62.png,What were the results of the impairment test for New Zealand Food in the reporting period?,"The impairment test indicated a recoverable amount exceeding the carrying amount by $1,492 million (NZ$1,581 million) and did not result in the recognition of an impairment loss."
page_63.png,What is the post-tax discount rate applied to the Australian Food CGU for impairment testing in 2024?,The post-tax discount rate applied to the Australian Food CGU for impairment testing in 2024 is 7.9%.  
page_63.png,How much goodwill was allocated to the Petstock CGU during the period?,$331 million in goodwill was allocated to the Petstock CGU.  
page_63.png,What would be the impact on the recoverable amount of the BIG W CGU if the post-tax discount rate increases by 0.7%?,A 0.7% increase in the post-tax discount rate would result in the recoverable amount of BIG W approximating its carrying value.  
page_63.png,What is the recoverable amount of the MyDeal CGU based on as at 30 June 2024?,The recoverable amount of the MyDeal CGU as at 30 June 2024 is based on its VIU (value in use) and approximated its carrying value.  
page_63.png,What is the post-tax discount rate used for the Petstock CGU in 2024?,The post-tax discount rate used for the Petstock CGU in 2024 is 9.6%.  
page_63.png,What would result in an impairment loss of approximately $8 million for the MyDeal CGU?,Either a 1.0% increase in the discount rate or a 6.4% reduction in EBITDA within the terminal year would result in an impairment loss of approximately $8 million for the MyDeal CGU.  
page_63.png,What types of actions has the Group taken to address climate-related risks to its assets?,"The Group has replaced some existing assets with more environmentally-friendly alternatives, such as refrigeration, solar and LED lighting, and implemented generators for areas exposed to high risk of power outages.  "
page_63.png,What is the terminal value calculation based on for impairment testing purposes?,The terminal value for impairment testing purposes is calculated using a constant growth rate of 2.5% (2023: 2.5%).  
page_63.png,What is the average remaining useful life of the Group’s significant non-financial tangible assets?,The average remaining useful life is approximately eight years.  
page_63.png,What is the post-tax discount rate applied to the Quantum CGU for impairment testing in 2024?,The post-tax discount rate applied to the Quantum CGU for impairment testing in 2024 is 10.2%.
page_64.png,What was the carrying amount at the end of the period for investments accounted for using the equity method in 2024?,The carrying amount at the end of the period in 2024 was $78 million.  
page_64.png,What was the main reason for derecognition of the investment in Endeavour Group during 2024?,The Group ceased using the equity method for Endeavour Group due to no longer being able to clearly demonstrate significant influence as of 31 December 2023.  
page_64.png,How much was derecognized on loss of significant influence over Endeavour Group in 2024?,"$1,061 million was derecognized on loss of significant influence over Endeavour Group in 2024.  "
page_64.png,What was the net deferred tax asset recognized in the Consolidated Statement of Financial Position for 2024?,"The net deferred tax asset recognized was $1,564 million in 2024.  "
page_64.png,What was the total deferred tax assets at the end of 2024?,"Total deferred tax assets at the end of 2024 were $5,163 million.  "
page_64.png,How did lease liabilities affect the deferred tax liabilities in 2024?,"Lease liabilities accounted for $1,874 million of deferred tax liabilities in 2024.  "
page_64.png,What was the impact of the change in accounting for the investment in Endeavour Group on profit and loss?,The loss recognized on the change in accounting was $209 million.  
page_64.png,"What was the amount of deferred tax asset related to property, plant and equipment at the closing balance in 2024?","The deferred tax asset related to property, plant and equipment at the closing balance in 2024 was $300 million.  "
page_64.png,What was the total deferred tax liabilities at the end of 2024?,"Total deferred tax liabilities at the end of 2024 were $3,599 million.  "
page_64.png,How much additional investment was made in individually immaterial joint ventures in 2024?,An additional investment of $11 million was made in individually immaterial joint ventures in 2024.
page_65.png,What was the amount of recognised deferred tax assets for unused revenue losses as of the reporting date in 2024?,"As of the reporting date in 2024, there were $22 million of unused revenue losses recognised as deferred tax assets.  "
page_65.png,"How much in capital losses did the Group have at the reporting date, and were these recognised as deferred tax assets?","At the reporting date, the Group had unused capital losses of $353 million (2023: $166 million), but no deferred tax asset was recognised as it was not probable that sufficient capital gains would be available to utilise these losses.  "
page_65.png,"When will the OECD Pillar Two Rules come into effect for the Group, and what is the current related tax exposure?","The OECD Pillar Two Rules will come into effect in Australia and for some Group entities for annual reporting periods beginning after 1 January 2024, and in New Zealand for periods after 1 January 2025; the Group has no related current tax exposure as of the reporting date.  "
page_65.png,"What was the total amount of trade and other payables as of 2024, and how does it compare to 2023?","The total amount of trade and other payables as of 2024 was $7,762 million, compared to $7,623 million in 2023.  "
page_65.png,"What is the breakdown of current provisions as of 2024, and what is the total?","As of 2024, current provisions were: employee benefits $1,420 million, self-insured risks $218 million, restructuring and other $68 million, totaling $1,706 million.  "
page_65.png,How much was recognised as non-current provisions for employee benefits in 2024 and 2023?,Non-current provisions for employee benefits were $142 million in 2024 and $130 million in 2023.  
page_65.png,"What amount was included in provisions for team member remediation at the end of 2024, and how does this compare to 2023?","The provision for team member remediation at the end of 2024 was $199 million, compared to $352 million in 2023.  "
page_65.png,What was the movement in team member remediation provisions during 2024 in terms of payments to team members?,Payments to team members from the team member remediation provisions during 2024 amounted to $46 million.  
page_65.png,What is the process regarding contract liabilities as described in the note?,"Contract liabilities represent consideration received for performance obligations not yet satisfied, with the revenue to be recognised in the following period when the obligations are fulfilled.  "
page_65.png,"What was the total of non-current provisions in 2024, and what categories contributed to this total?","The total of non-current provisions in 2024 was $894 million, comprising employee benefits ($142 million), self-insured risks ($309 million), and restructuring and other ($443 million)."
page_66.png,"As at 30 June 2024, what was the remaining provision for hourly paid team member payment shortfalls?","As at 30 June 2024, the Group had a remaining provision of $137 million for hourly paid team member payment shortfalls.  "
page_66.png,What is the total amount provided by the Group for the remediation of salaried team member payment shortfalls?,The Group has provided a total of $547 million for the remediation of salaried team member payment shortfalls.  
page_66.png,How much has been paid to remediated impacted salaried team members as of 30 June 2024?,Payments of $485 million had been made to impacted salaried team members as of 30 June 2024.  
page_66.png,What is the balance of self-insured risks provisions at the end of the period in 2024?,The balance of self-insured risks provisions at the end of the period in 2024 is $721 million.  
page_66.png,What are the current and non-current components of self-insured risks provisions as at 2024?,"As at 2024, the current component is $218 million, and the non-current component is $503 million.  "
page_66.png,What are the restructuring and other provisions at the end of the period in 2024?,The restructuring and other provisions at the end of the period in 2024 are $318 million.  
page_66.png,"According to the report, what is the main accounting policy for employee benefits provisions?","Provisions for employee benefits comprise a liability for benefits accruing to employees in respect of annual leave, long service leave, and team member pay remediation, based on the Group’s best estimate of the expenditure required to settle the obligations in accordance with relevant EAs and GRIA.  "
page_66.png,How are self-insurance provisions determined?,"Self-insurance provisions are determined based on independent actuarial assessments, considering numbers, amounts, and duration of claims, and allowing for future inflation and investment returns.  "
page_66.png,What financial impacts are associated with sustainability-related matters as mentioned in the report?,"The impacts of acute weather events, such as flooding and business interruptions, can result in increased insurable risks, primarily due to higher premiums, higher deductibles, and policy exclusions.  "
page_66.png,What does the restructuring provision primarily relate to for the reported period?,"The restructuring provision primarily relates to redundancy costs associated with the announced closure of distribution centres in New South Wales and Victoria for the 2025 to 2027 financial periods, recognized as part of the Group’s supply chain network strategy and transformation in prior periods. "
page_67.png,What was the Group’s total borrowings as of the reporting date in 2024?,"The Group’s total borrowings as of the reporting date in 2024 were $4,578 million.  "
page_67.png,What is the Group’s net debt to EBITDA before significant items ratio for both 2024 and 2023?,The Group’s net debt to EBITDA before significant items ratio was 2.6x for both 2024 and 2023.  
page_67.png,How much did the Group pay in dividends in cash during 2024?,"The Group paid $1,172 million in dividends in cash during 2024.  "
page_67.png,What was the franking credits balance available for future financial periods at 30 June 2024?,"The franking credits balance available for future financial periods at 30 June 2024 was $1,550 million.  "
page_67.png,What was the Group’s profit attributable to equity holders of the parent entity used in earnings per share calculations for 2024?,The profit attributable to equity holders of the parent entity used in earnings per share calculations for 2024 was $108 million.  
page_67.png,What amount of lease liabilities did the Group report in 2024?,"The Group reported lease liabilities of $12,144 million in 2024.  "
page_67.png,What was the basic earnings per share reported by the Group for 2024?,The basic earnings per share reported by the Group for 2024 was 8.9 cents per share.  
page_67.png,What is the declared final dividend per share for the 2024 financial period excluding the special dividend?,"The declared final dividend per share for the 2024 financial period, excluding the special dividend, is 57 cents per share.  "
page_67.png,What EBITDA before significant items did the Group report for 2024?,"The Group reported EBITDA before significant items of $6,001 million for 2024.  "
page_67.png,"According to the report, what credit ratings is the Group committed to maintaining?","The Group remains committed to solid investment grade credit ratings which are BBB and Baa2 according to Standard & Poor’s and Moody’s, respectively. "
page_68.png,What was the balance of fully paid ordinary shares at the end of the 2024 period?,"The balance of fully paid ordinary shares at the end of the 2024 period was 1,221.6 million shares, valued at $5,665 million.  "
page_68.png,How many shares were issued to satisfy employee long-term incentive plans in 2024 and what was their value?,"In 2024, 3.6 million shares were issued to satisfy employee long-term incentive plans, valued at $133 million.  "
page_68.png,What was the closing balance of contributed equity at the end of the 2024 period?,"The closing balance of contributed equity at the end of the 2024 period was $5,604 million.  "
page_68.png,What is the purpose of the cash flow hedge reserve according to the notes?,The cash flow hedge reserve comprises the effective portion of the cumulative net change in the fair value of cash flow hedging instruments related to hedged transactions that have not yet occurred.  
page_68.png,What was the total balance of reserves at the end of the 2024 period?,"The total balance of reserves at the end of the 2024 period was $(7,609) million.  "
page_68.png,How did the remuneration reserve change from the start to the end of the 2024 period?,The remuneration reserve decreased from $223 million at the start of 2023 to $44 million at the end of 2024.  
page_68.png,What was the movement in the cash flow hedge reserve during 2024?,The cash flow hedge reserve decreased from $5 million at the start to nil at the end of the 2024 period.  
page_68.png,"What is included in ""Other reserves"" as per the financial notes?","Other reserves comprise the equity instrument reserve, including revaluation of investments in unlisted equity securities, and the non-controlling interest reserve for put option liabilities over non-controlling interests.  "
page_68.png,What was the value of the demerger reserve at both the beginning and end of the 2024 period?,"The demerger reserve was $(6,966) million at both the beginning and end of the 2024 period.  "
page_68.png,What was the main reason for the change in the remuneration reserve in 2024?,"The main reason for the change in the remuneration reserve in 2024 was the transfer of shares to satisfy employee long-term incentive plans, resulting in a decrease of $133 million."
page_69.png,What was the net cash provided by operating activities for the year ended 2024?,"Net cash provided by operating activities for the year ended 2024 was $4,359 million.  "
page_69.png,How much did the Group issue in domestic medium-term notes during October 2023?,The Group successfully issued $450 million of domestic medium-term notes in October 2023.  
page_69.png,What was the closing balance of total borrowings as at 30 June 2024?,"The closing balance of total borrowings as at 30 June 2024 was $4,578 million.  "
page_69.png,How much was the Group’s total current borrowings at the end of 2024?,The Group’s total current borrowings at the end of 2024 were $712 million.  
page_69.png,What was the impairment charge on non-financial assets for the year ended 2024?,"The impairment charge on non-financial assets for the year ended 2024 was $1,552 million.  "
page_69.png,What is the amount of non-current unsecured bank loans outstanding as at 30 June 2024?,"The amount of non-current unsecured bank loans outstanding as at 30 June 2024 was $1,353 million.  "
page_69.png,How did the Group use the proceeds from the October 2023 medium-term note issuance?,The proceeds were used to refinance $400 million of domestic medium-term notes that matured in April 2024.  
page_69.png,What was the increase or decrease in inventories during 2024?,Inventories decreased by $357 million during 2024.  
page_69.png,What is the total of non-current unsecured securities borrowings at the end of 2024?,"The total of non-current unsecured securities borrowings at the end of 2024 was $2,531 million.  "
page_69.png,What is the Group’s approach to compliance with financial covenants mentioned in the report?,"The Group maintains compliance with its financial covenants, which are tested on a regular basis during the year. "
page_70.png,What is the value of Sustainability Linked Bonds (SLBs) included in the Group's borrowings as at 30 June 2024?,"As at 30 June 2024, the Group's borrowings include $1.5 billion of Sustainability Linked Bonds (SLBs).  "
page_70.png,"What penalty applies to the SLB structure if sustainability targets are not met, and how is it determined?",The SLB structure embeds a penalty via a prospective margin increase of 0.25% per annum if the targets are not met at the respective testing dates.  
page_70.png,By what percentage has the Group reduced its scope 1 and 2 emissions from the 2015 baseline as at 30 June 2024?,The Group has reduced its scope 1 and 2 emissions by 63% as at 30 June 2024 compared to the 2015 baseline.  
page_70.png,What are the main types of financial risks managed by the Group's Treasury function?,"The Group's Treasury function manages market risk, liquidity risk, and credit risk.  "
page_70.png,How does the Group typically hedge its exposure to interest rate risk?,The Group manages interest rate risk by maintaining an appropriate mix between floating and fixed rate borrowings and using approved derivatives for hedging.  
page_70.png,What is the total notional value of forward exchange contracts designated as cash flow hedges as at 30 June 2024?,"The total notional value of forward exchange contracts designated as cash flow hedges is $1,350 million as at 30 June 2024.  "
page_70.png,What is the net unrealised gain recognised in the hedge reserve from forward exchange contracts and foreign currency options for 2024?,A net unrealised gain of $3 million has been recognised in the hedge reserve for 2024.  
page_70.png,How are foreign exchange risks primarily managed by the Group?,"Foreign exchange risk is primarily managed through forward exchange contracts and foreign currency options, which are designated as cash flow hedges.  "
page_70.png,What is the fair value liability reported for domestic medium term notes (600 million notional value) designated as fair value hedges in 2024?,The fair value liability reported for domestic medium term notes (600 million notional value) designated as fair value hedges in 2024 is $82 million.  
page_70.png,"At the reporting date, what was the total fair value asset and liability from all hedge accounting arrangements?","At the reporting date, the total fair value asset was $28 million and the total fair value liability was $140 million."
page_71.png,What was the balance of the cash flow hedge reserve at the end of the 2024 financial year?,The balance of the cash flow hedge reserve at the end of the 2024 financial year was $(10) million.  
page_71.png,What was the impact of forward exchange contracts and foreign currency options on the cash flow hedge reserve in 2024?,Forward exchange contracts and foreign currency options resulted in a loss of $(11) million in 2024.  
page_71.png,How much was transferred to the initial carrying amount of hedged items from forward exchange contracts in 2024?,$(15) million was transferred to the initial carrying amount of hedged items from forward exchange contracts in 2024.  
page_71.png,What is the total undiscounted financial liability maturing within one year as of 2024?,"The total undiscounted financial liability maturing within one year as of 2024 is $(8,533) million.  "
page_71.png,"According to the sensitivity analysis, what is the estimated impact of a 1% change in Australian interest rates on profit before tax?",A 1% change in Australian interest rates could result in either a $1 million increase or decrease in equity before tax and no impact on profit before tax.  
page_71.png,What is the estimated effect of a 10% change in foreign exchange rates on profit before tax?,A 10% change in foreign exchange rates could result in either a $166 million increase or $155 million decrease on equity before tax and no impact on profit before tax.  
page_71.png,What was the fair value of the power purchase agreement (PPA) as of 30 June 2024?,The fair value of the PPA as of 30 June 2024 was $32 million.  
page_71.png,What was the Group’s total undrawn committed facilities as at 30 June 2024?,"The Group’s total undrawn committed facilities as at 30 June 2024 was $2,425 million.  "
page_71.png,Were any financial covenants breached during the period covered in the report?,No covenants have been breached during the period.  
page_71.png,How does the Group manage liquidity risk according to the report?,"The Group manages liquidity risk through daily cash flow monitoring, maintaining undrawn committed facilities, and by holding high levels of liquidity from time to time in anticipation of expected requirements, overseen by the Board and the Treasury function."
page_72.png,What are the three levels of the fair value hierarchy described for financial instrument measurement?,Level 1 pertains to quoted prices in active markets for identical assets or liabilities; Level 2 involves inputs other than quoted prices observable for the asset or liability; Level 3 uses unobservable inputs for the asset or liability.  
page_72.png,"What is the fair value of listed equity securities as of 2024, and which level of the fair value hierarchy do they fall under?","The fair value of listed equity securities as of 2024 is $378 million, categorized under Level 1.  "
page_72.png,How are the fair values of foreign exchange contracts and foreign currency options determined?,The fair values are determined based on model where future cash flows are estimated based on market forward exchange rates at the end of the reporting period and discounted by observable yield curves of the respective currency.  
page_72.png,What was the closing balance of unlisted equity securities measured at Level 3 as of 2024?,The closing balance of unlisted equity securities measured at Level 3 as of 2024 was $177 million.  
page_72.png,"According to the reconciliation, what were the main movements in unlisted equity securities at Level 3 in 2024?","In 2024, unlisted equity securities at Level 3 had a starting balance of $75 million, additions of $105 million, revaluation of $(3) million, and ended at $177 million.  "
page_72.png,How is the fair value of convertible and SAFE notes determined?,The fair value of convertible and SAFE notes is determined using a Black-Scholes model or a Monte Carlo simulation model.  
page_72.png,"What was the total fair value of cross currency and interest rate swaps as of 2024, and under which hierarchy level are they classified?","The total fair value of cross currency and interest rate swaps as of 2024 was $38 million (asset) and $(128) million (liability), classified under Level 2.  "
page_72.png,"Were there any transfers between levels 1, 2, or 3 during the reported period for the assets and liabilities measured at fair value?","No, there were no transfers between level 1, level 2, or level 3 during the period.  "
page_72.png,What is the basis for determining the fair value of unlisted equity securities when external pricing is unavailable?,"When external pricing is unavailable, the fair value is determined using an appropriate model, such as a discounted cash flow model based on estimated future cash flows, discounted at a rate reflecting the relative risks of the investment.  "
page_72.png,"How are the carrying values of cash and cash equivalents, financial assets, bank and other loans, and non-interest bearing monetary financial liabilities reported if they are not measured at fair value on a recurring basis?",The carrying values of these financial assets and liabilities approximate their fair value.
page_73.png,"What percentage controlling interest did the Group acquire in PetStock Pty Ltd, and what was the consideration paid?",The Group acquired a 55% controlling interest in PetStock Pty Ltd for a consideration of $482 million.  
page_73.png,How much revenue and EBIT did PetStock Group contribute to the Group's performance from the date of acquisition?,PetStock Group contributed $426 million in revenue and $33 million of EBIT.  
page_73.png,"What was the total value of identifiable net assets acquired from PetStock, as reported at the acquisition date?",The total identifiable net assets acquired were $88 million.  
page_73.png,What amount was recognized as goodwill from the acquisition of PetStock Pty Ltd?,Goodwill of $444 million was recognized from the acquisition.  
page_73.png,"How much was allocated to non-controlling interest at the acquisition date, and how was it determined?","Non-controlling interest was $431 million, based on the non-controlling interest’s proportion of the fair value of identifiable net assets of PetStock Group.  "
page_73.png,What are the primary components of the assets acquired from PetStock Pty Ltd?,"The primary components are cash and cash equivalents ($6 million), trade and other receivables ($19 million), inventories ($111 million), lease assets ($320 million), property, plant and equipment ($91 million), and intangible assets ($292 million).  "
page_73.png,"According to the Material Accounting Policies, how are identifiable assets and liabilities recognized at acquisition?",Identifiable assets acquired and liabilities assumed are recognized at their fair value at the acquisition date.  
page_73.png,What is the definition of goodwill as stated in the report's Material Accounting Policies section?,"Goodwill is measured as the excess of the sum of the consideration transferred and the amount of any non-controlling interests in the acquiree, over the net identifiable assets acquired.  "
page_73.png,What is the purpose of the deed of cross guarantee mentioned under the subsidiaries section?,"The purpose of the deed of cross guarantee is to relieve wholly-owned subsidiaries within the Closed Group from the requirement to prepare, audit, and lodge separate financial reports.  "
page_73.png,List three companies that are parties to the deed of cross guarantee during the period.,"Three companies that are parties to the deed of cross guarantee are Advantage Supermarkets Pty Ltd, Australian Grocery Wholesalers Pty Limited, and Bargo Pty Ltd. "
page_74.png,What was the revenue from the sale of goods and services for the 53-week period in 2024?,"The revenue from the sale of goods and services for the 53-week period in 2024 was $56,219 million.  "
page_74.png,What was the cost of sales for the 2024 financial year?,"The cost of sales for the 2024 financial year was $40,108 million.  "
page_74.png,"What was the gross profit reported in 2024, and how does it compare to 2023?","The gross profit reported in 2024 was $16,111 million, compared to $15,032 million in 2023.  "
page_74.png,What were the earnings before interest and tax (EBIT) in 2024?,"The earnings before interest and tax in 2024 were $1,781 million.  "
page_74.png,How much profit after income tax was reported for the period in 2024?,The profit after income tax for the period in 2024 was $489 million.  
page_74.png,What was the balance of retained earnings at the end of the 2024 period?,"The balance of retained earnings at the end of the 2024 period was $6,657 million.  "
page_74.png,What were the total current assets as at the end of the 2024 financial year?,"The total current assets at the end of the 2024 financial year were $5,217 million.  "
page_74.png,What amount was reported for total non-current assets in 2024?,"The total non-current assets reported in 2024 were $24,481 million.  "
page_74.png,What were the total liabilities at the end of the 2024 financial year?,"The total liabilities at the end of the 2024 financial year were $24,898 million.  "
page_74.png,What was the total equity at the end of the 2024 financial year?,"The total equity at the end of the 2024 financial year was $4,600 million. "
page_75.png,Which subsidiaries of Woolworths Group Limited are wholly owned and material to the Group?,"Woolworths New Zealand Group Limited, Woolworths New Zealand Limited, and General Distributors Limited are wholly owned subsidiaries material to the Group.  "
page_75.png,"What are the proportions of voting rights held by non-controlling interests in PETstock Pty Ltd, PFD Food Services Pty Ltd, and The Quantum Group Holdings Pty Limited as of 2024?","As of 2024, non-controlling interests hold 45.0% in PETstock Pty Ltd, 35.0% in PFD Food Services Pty Ltd, and 22.3% in The Quantum Group Holdings Pty Limited.  "
page_75.png,What was the total non-controlling interests balance at the end of the 2024 period?,The total non-controlling interests balance at the end of the 2024 period was $162 million.  
page_75.png,How much was the total comprehensive income for non-controlling interests in 2024?,The total comprehensive income for non-controlling interests in 2024 was $9 million.  
page_75.png,What were the current assets and current liabilities for PETstock Pty Ltd in 2024?,"In 2024, PETstock Pty Ltd had current assets of $247 million and current liabilities of $245 million.  "
page_75.png,How much was the total equity of the parent entity at the end of 2024?,"The total equity of the parent entity at the end of 2024 was $4,442 million.  "
page_75.png,What amount was recognized as retained earnings for the parent entity at the end of 2024?,"The retained earnings for the parent entity at the end of 2024 were $6,529 million.  "
page_75.png,What was the profit for the period for the parent entity in 2024?,"The profit for the period for the parent entity in 2024 was $2,378 million.  "
page_75.png,How much did the parent entity pay in dividends in 2024?,"The parent entity paid $2,181 million in dividends in 2024.  "
page_75.png,What was the total assets figure for the parent entity as at the end of 2024?,"The total assets of the parent entity as at the end of 2024 were $35,708 million."
page_76.png,"What accounting standard governs the recognition, measurement, and disclosure of insurance contracts as discussed on this page?","AASB 17 Insurance Contracts (AASB 17) governs the recognition, measurement, and disclosure of insurance contracts.  "
page_76.png,How did the adoption of AASB 17 affect the parent entity’s retained earnings as of 25 June 2023?,"The adoption of AASB 17 reduced retained earnings by $83 million, from $5,515 million to $5,432 million.  "
page_76.png,What are the restated current and non-current assets as of 25 June 2023 after adopting AASB 17?,"Restated current assets are $4,412 million, and restated non-current assets are $29,466 million as of 25 June 2023.  "
page_76.png,What is the estimated capital expenditure under firm contracts payable in less than one year as of 2024?,The estimated capital expenditure under firm contracts payable in less than one year as of 2024 is $577 million.  
page_76.png,What is the total remuneration for Key Management Personnel of the Group in 2024?,"The total remuneration for Key Management Personnel of the Group in 2024 is $15,675,061.  "
page_76.png,How much did the Group recognize as revenue from transactions with Endeavour Group for the six months ended 31 December 2023?,The Group recognized $340 million of revenue from transactions with Endeavour Group for the six months ended 31 December 2023.  
page_76.png,What is the value of share-based payments included in the total remuneration for Key Management Personnel in 2024?,"The value of share-based payments is $4,009,868 in 2024.  "
page_76.png,"How does the company account for investments in subsidiaries, associates, and joint ventures in the parent entity’s financial information?","Investments in subsidiaries, associates, and joint ventures are accounted for at cost.  "
page_76.png,What is the amount of non-current liabilities restated as of 25 June 2023 after adopting AASB 17?,"The restated non-current liabilities as of 25 June 2023 are $13,617 million.  "
page_76.png,Under what tax arrangement does the Company and its wholly-owned Australian resident entities operate?,The Company and its wholly-owned Australian resident entities are members of a tax-consolidated group under Australian tax law.
page_77.png,What types of guarantees has the Group entered into regarding contingent liabilities?,The Group has entered into guarantees in the normal course of business relating to development applications and guarantees for employees’ self-insurance liabilities as required by State WorkCover authorities.  
page_77.png,"As of the reporting date, what is the disclosed contingent liability related to self-insurance?","The contingent liability disclosed is $263.5 million for self-insurance, which includes liabilities relating to workers’ compensation claims.  "
page_77.png,"What is the vesting period for the Long-Term Incentive Plan (LTIP) grants for F22, F23, and F24?","The vesting period for the LTIP grants for F22, F23, and F24 is three years.  "
page_77.png,What are the performance metrics and respective weightings for the LTIP grants?,"The performance metrics are Relative Total Shareholder Return (40%), Hurdle/Range (50th–75th percentile), Reputation (20%), and Return on Funds Employed (40%).  "
page_77.png,How many outstanding share rights were there at the end of the period in 2024?,"There were 11,066,641 outstanding share rights at the end of the period in 2024.  "
page_77.png,What was the share-based payments expense for the period?,"The share-based payments expense for the period was $91,805,010.  "
page_77.png,What was the weighted average fair value at grant date for performance rights in F24 and F23?,The weighted average fair value at grant date was $32.44 for F24 and $29.35 for F23.  
page_77.png,"What was the total number of shares purchased under the Employee Share Purchase Plan during the year, and what was the average price per share?","The total number of shares purchased was 1,843,023 at an average price per share of $33.24.  "
page_77.png,What is the expected volatility assumption used for the F24 and F23 LTIP performance rights valuation?,The expected volatility assumption is 17.0% for F24 and 22.0% for F23.  
page_77.png,Are there any additional expenses recognized for shares issued under the Non-Executive Director Equity Plan?,No additional expense is recognized in relation to shares purchased under the Employee Share Purchase Plan or shares issued under the Non-Executive Director Equity Plan as they are acquired out of salary/fee sacrificed remuneration.
page_78.png,What was the total expense accounted for defined contribution retirement plans in 2024?,The total expense accounted for defined contribution retirement plans in 2024 was $863 million.  
page_78.png,What discount rate was used for the defined benefit retirement plan actuarial valuation in 2024?,The discount rate used for the defined benefit retirement plan actuarial valuation in 2024 was 5.5%.  
page_78.png,What is the average duration of the defined benefit obligation at the end of the reporting period?,The average duration of the defined benefit obligation at the end of the reporting period is 5.9 years.  
page_78.png,How much of the plan assets were invested in equity instruments in 2024?,52% of the plan assets were invested in equity instruments in 2024.  
page_78.png,What was the balance at the end of the period for the fair value of plan assets in 2024?,The balance at the end of the period for the fair value of plan assets in 2024 was $181 million.  
page_78.png,What was the total audit or review fee paid to Deloitte Touche Tohmatsu and related network firms in 2024?,"The total audit or review fee paid to Deloitte Touche Tohmatsu and related network firms in 2024 was $4,070,000.  "
page_78.png,How much did the Group pay for tax compliance services in 2024?,"The Group paid $123,000 for tax compliance services in 2024.  "
page_78.png,What was the net defined benefit obligation at the end of the period in 2024?,The net defined benefit obligation at the end of the period in 2024 was $28 million.  
page_78.png,How much was recognised as benefits paid under the defined benefit plan in 2024?,Benefits paid under the defined benefit plan in 2024 amounted to $80 million.  
page_78.png,What was the percentage allocation to real estate in the plan assets for 2024?,The percentage allocation to real estate in the plan assets for 2024 was 21%.
page_79.png,What event relating to Petstock Group is disclosed as a subsequent event in the financial report?,"On 1 July 2024, the sale of Petstock Group’s undertaking to the Australian Competition and Consumer Commission (ACCC) was completed, involving the divestiture of portfolio stores, brands, and vet clinics.  "
page_79.png,How were the net assets held for sale in the Petstock Group transaction recognized in the financial report?,"The net assets held for sale were recognized at the lower of their carrying amounts and fair values less costs to sell, with no material gain or loss recognized on sale relating to the divestiture.  "
page_79.png,What is the proposed change in shareholding for BBJ City Kitchen and Beak & Johnston New Zealand as disclosed in the report?,"The Group announced its intention to increase its shareholding in BBJ City Kitchen from 23% to 100% and acquire 100% of Beak & Johnston New Zealand, subject to regulatory approval.  "
page_79.png,Which regulatory bodies must approve the acquisition of BBJ City Kitchen and Beak & Johnston New Zealand?,The acquisition is subject to the approval of the Australian Competition and Consumer Commission (ACCC) and the New Zealand Commerce Commission.  
page_79.png,How will the acquisition of BBJ City Kitchen and Beak & Johnston New Zealand benefit the Group’s operations?,The acquisition will strengthen the Group’s partnership in innovation and speed to market for Woolworths ready meals and enhance its food and own brand manufacturing capabilities.  
page_79.png,What action regarding PFD Food Services is expected to occur following the exercise of a put option by minority shareholders?,"The Group will acquire the remaining 35% equity interest in PFD Food Services Pty Ltd, with payment to be made in the first half of the 2025 financial period.  "
page_79.png,What is the approximate redemption liability for the put option related to PFD Food Services as at 30 June 2024?,The redemption liability is approximately $400 million and is included in Other Financial Liabilities as at 30 June 2024.  
page_79.png,"According to the Consolidated Entity Disclosure Statement, what percentage of shares does the Group hold in 150 Baroona Pty Ltd?",The Group holds 28% of shares in 150 Baroona Pty Ltd.  
page_79.png,In which jurisdiction is GDL No.8 Limited incorporated and what percentage of its share capital is held by the Group?,GDL No.8 Limited is incorporated in New Zealand and the Group holds 49% of its share capital.  
page_79.png,What is the purpose of the Consolidated Entity Disclosure Statement as outlined on the page?,"The statement is provided as required by the Corporations Act (s.295(3)(a)), disclosing the Group’s consolidated entities and respective shareholdings."
page_80.png,What is the title of the financial disclosure presented on these pages?,"The title of the financial disclosure is ""Consolidated Entity Disclosure Statement.""  "
page_80.png,Which country is the primary place of incorporation for most entities listed in the disclosure statement?,Australia is the primary place of incorporation for most entities listed.  
page_80.png,What percentage of share capital is generally held by the parent company in Woolworths Group Limited and its primary subsidiaries?,The parent company generally holds 100% of the share capital in Woolworths Group Limited and its primary subsidiaries.  
page_80.png,Which entity holds a 78% share capital in Quantum Digital Pty Limited?,Woolworths Group holds a 78% share capital in Quantum Digital Pty Limited.  
page_80.png,Name one entity incorporated in New Zealand with a 100% share capital held.,Wholesale Services Limited is incorporated in New Zealand with 100% share capital held.  
page_80.png,What is the share capital held in Petstock Holdings Pty Ltd?,The share capital held in Petstock Holdings Pty Ltd is 55%.  
page_80.png,State the share capital percentage held in Statewide Independent Wholesalers Limited.,The share capital percentage held in Statewide Independent Wholesalers Limited is 60%.  
page_80.png,"Which entity listed is incorporated in Saudi Arabia, and what is the percentage of share capital held?","Quantum Health Information Technology Saudi Arabia is incorporated in Saudi Arabia, with 39% share capital held.  "
page_80.png,Does Woolworths Group Foundation Pty Limited have a specified share capital held?,"No, the share capital held in Woolworths Group Foundation Pty Limited is marked as N/A.  "
page_80.png,Identify one entity where the share capital held is less than 50%.,Petstock (Thomastown) Pty Ltd has 45% share capital held.
page_81.png,What is the purpose of the Consolidated Entity Disclosure Statement shown on this page?,"The Consolidated Entity Disclosure Statement lists all trusts that form part of the consolidated entity, detailing each entity’s name and place of formation or incorporation and principal place of business.  "
page_81.png,"According to the Directors' Declaration, what accounting standards do the Consolidated Financial Statements comply with?","The Consolidated Financial Statements comply with International Financial Reporting Standards and the Corporations Act 2001, including relevant accounting standards.  "
page_81.png,What does the Directors' Declaration state regarding the company's ability to meet its debts?,"The Directors' Declaration states that, in the directors’ opinion, there are reasonable grounds to believe that the Company will be able to pay its debts as and when they become due and payable.  "
page_81.png,How many trusts are listed under the Consolidated Entity Disclosure Statement on this page?,There are 40 trusts listed under the Consolidated Entity Disclosure Statement on this page.  
page_81.png,What specific legal act is cited in the Directors’ Declaration regarding compliance and fair view of financial position?,The legal act cited is the Corporations Act 2001.  
page_81.png,"Who signed the Directors’ Declaration, and what are their respective titles?","The Directors’ Declaration was signed by Scott Perkins, Chair, and Brad Banducci, Managing Director and Chief Executive Officer.  "
page_81.png,On what date was the Directors’ Declaration signed?,The Directors’ Declaration was signed on 28 August 2024.  
page_81.png,What is stated about the Company’s compliance with ASIC Corporations (Wholly-owned Companies) Instrument 2016/785?,"The declaration states that the Company is within the class of companies affected by ASIC Corporations (Wholly-owned Companies) Instrument 2016/785, and that the nature of the deed of cross guarantee is such that each company party to the deed guarantees to each creditor payment in full if any debtor company defaults.  "
page_81.png,What assurance is provided in the Directors’ Declaration regarding the consolidated entity disclosure statement?,"The Directors declare that, in their opinion, the attached consolidated entity disclosure statement is true and correct.  "
page_81.png,What is the significance of the notes at the bottom of the Consolidated Entity Disclosure Statement table?,"The notes clarify specific details such as the consolidation of Healthylife Direct Pty Limited via joint venture, indirect ownership of certain trusts, the registration and operation of Woolworths Management Pty Ltd in New Zealand, and the absence of obligations by branch operations in New Zealand."
